{
  "train_loss": [
    5.26724422222173,
    0.5407730824081434,
    0.3720667974324846,
    0.331708284810533,
    0.3278087274839913,
    0.3307488859178179,
    0.3191140522134675,
    0.33733735098076123,
    0.3217674813756188,
    0.35642141575897585,
    0.30726751236687877,
    0.33660405028346957,
    0.2968292139063369,
    0.2934095382793468,
    0.32250154102033923,
    0.3487616332037108,
    0.35536442705651233,
    0.3142980283829644,
    0.30328031623822965,
    0.2958799633041558,
    0.31430925204373833,
    0.2852125964928261,
    0.30226267241052246,
    0.3360459522114744,
    0.3000771841740325
  ],
  "val_loss": [
    0.6948445757201644,
    0.4376882195064532,
    0.351321933299023,
    0.33225043803488447,
    0.3653953234731989,
    0.3377270905382552,
    0.36030447314355263,
    0.3315169016829288,
    0.37816271919311867,
    0.32250236367801993,
    0.390417574209608,
    0.3200165435254684,
    0.3240815204811754,
    0.35892631860600016,
    0.4508889485348142,
    0.44220721334049007,
    0.3366938585975051,
    0.34386523184963713,
    0.3168391804113987,
    0.3663662178923266,
    0.31190121554539524,
    0.3564739627221748,
    0.3788593810913587,
    0.3302201818788122,
    0.34811198539719834
  ],
  "train_loss_std": [
    0.5259826824324941,
    0.08441434066320028,
    0.032427540927590155,
    0.0138837222160101,
    0.017554066060373418,
    0.025876681645652946,
    0.01692675792428202,
    0.03981552417361206,
    0.01444962791264589,
    0.11932392028376203,
    0.0239809489432806,
    0.03441864472430445,
    0.009903875655416566,
    0.004522895531970713,
    0.03643815321644509,
    0.0408599661045682,
    0.08427641442258585,
    0.028122924599649008,
    0.019236036429542257,
    0.012274409757533343,
    0.02641350329435215,
    0.008559716162902447,
    0.029818320007491256,
    0.036735896762503724,
    0.026456502640211096
  ],
  "val_loss_std": [
    0.23975599623024468,
    0.05735903728291851,
    0.03241193668354438,
    0.03677373959260839,
    0.05359754469169761,
    0.04050217397037644,
    0.06266578015846117,
    0.03705135279441042,
    0.1331851793168283,
    0.03555880920442991,
    0.0970735033841918,
    0.024726764215037937,
    0.04332307664144951,
    0.07010277887651899,
    0.11232909151056457,
    0.13708711893308065,
    0.04286389820348832,
    0.06198344511250438,
    0.034279587211818015,
    0.050290510706538706,
    0.03391287598878004,
    0.09587487730009844,
    0.08325368467640466,
    0.04403340693552286,
    0.03659274190704543
  ]
}