{
  "train_loss": [
    1.900999805401942,
    0.3354850443351916,
    0.325278121661152,
    0.34826511170000135,
    0.3254081918594729,
    0.3315269742596587,
    0.32584006635202356,
    0.31705855993702264,
    0.3087101586092375,
    0.3406030354155175,
    0.30690247464367376,
    0.32134716242687855,
    0.3058999626353081,
    0.30214427629352647,
    0.3053027491971257,
    0.2996755402899085,
    0.30088829495923974,
    0.29345006543544894,
    0.2903090603395057,
    0.28411902411866646,
    0.28233513082511336,
    0.28624332255976226,
    0.28302434279541966,
    0.27980702730319135,
    0.2746057396629247
  ],
  "val_loss": [
    0.374722339980735,
    0.3149203791941182,
    0.4353451341775509,
    0.404510122425955,
    0.33750814433422294,
    0.3749553540804893,
    0.382644009295473,
    0.3485982853475039,
    0.3908753852016285,
    0.3527659593390601,
    0.35584438279639563,
    0.3223190808044885,
    0.32275294571756596,
    0.32591270474403095,
    0.4162926674351695,
    0.3706835608994658,
    0.36087493120397063,
    0.3179673454243536,
    0.4168871725931216,
    0.3705578656694201,
    0.39652136193992105,
    0.38199220154595226,
    0.3823276824261955,
    0.3651234934497153,
    0.33207931366431254
  ],
  "train_loss_std": [
    0.20943222104719683,
    0.011071228410775135,
    0.004518988403904569,
    0.026946241493328624,
    0.018953661422242647,
    0.025043959185622532,
    0.013460359241389835,
    0.004900883827407396,
    0.007556868729003418,
    0.013759384071029397,
    0.010978883922574945,
    0.013512813323760926,
    0.015709371764756584,
    0.009768731311719108,
    0.010485503310060611,
    0.007494710457611065,
    0.01119894505666852,
    0.015609455101731305,
    0.008758441568700724,
    0.010281877839601423,
    0.00873455411471827,
    0.011135213006711896,
    0.014063091004278858,
    0.010176760701835466,
    0.007005075661822971
  ],
  "val_loss_std": [
    0.06444949855992918,
    0.028041205089986188,
    0.09140531152643866,
    0.0965339459810711,
    0.0710890622336544,
    0.06750961419803485,
    0.09006019806402386,
    0.053594382386875875,
    0.03497846987184674,
    0.012077931887620807,
    0.09656876227081201,
    0.03413856414150948,
    0.026402580003564196,
    0.029959390169034712,
    0.12543358054932272,
    0.06812060260799219,
    0.02798067758357822,
    0.023605568584968546,
    0.107542467795116,
    0.062451960932564346,
    0.09431685724458228,
    0.0776696072446679,
    0.056990577415938,
    0.10445226943722112,
    0.031369983750230285
  ]
}