{
  "train_loss": [
    293108.5053970221,
    289937.7829791388,
    279731.5152026291,
    260690.98500534255,
    240581.70963367357,
    229506.48366207888,
    226683.79008307535,
    226010.39570403195,
    225661.72356003878,
    225379.1022771642,
    225035.35161893233,
    224789.8405502435,
    224584.00431761768,
    224285.6160257349,
    224025.04170239987,
    223770.36793005356,
    223598.33229619867,
    223330.17322022465,
    223042.67231425704,
    222806.2172394003
  ],
  "val_loss": [
    112812.9489016503,
    107367.33102419715,
    93876.22595617751,
    75015.23486284567,
    61876.83857883586,
    58675.907190845224,
    58603.634554805976,
    58488.82826786909,
    58298.3117124777,
    58163.10442685102,
    57905.64779981601,
    57661.474057064006,
    57377.23668878234,
    57065.900922028326,
    56915.275803551514,
    56781.55143635705,
    56785.85055196253,
    56303.49257429193,
    56030.73521479148,
    55968.37315315566
  ]
}