{
  "mse": 55968.37109375,
  "rmse": 236.57635498046875,
  "mae": 156.03909301757812,
  "r2": -0.03539609909057617
}