{
  "train_loss": [
    287632.74183296034,
    241574.74675315278,
    225731.7931585426,
    224101.7999933464,
    222997.01132953184,
    221731.33168879812,
    220791.1648511001,
    219935.69148084414,
    219296.9609422197,
    218680.25170845987,
    218379.52306647995,
    218002.82269507842,
    217896.14609334216,
    217770.8912387928,
    217643.88141196492,
    217557.97395132593,
    217547.60634289123,
    217426.46446903158,
    217184.35239478335,
    217157.2061835089,
    217479.86629162813,
    217061.88819505746,
    217021.57409378747,
    217003.8824133221,
    217056.98594705816
  ],
  "val_loss": [
    268464.6431750739,
    226978.01176254678,
    224785.26971839726,
    223556.97042357834,
    221999.7567573646,
    221733.48474245128,
    220910.74036176823,
    219837.15966055,
    219063.77160871992,
    219167.09853797132,
    217774.09615225974,
    218141.25595633136,
    217988.69497403916,
    217486.97038939325,
    217738.8343680012,
    217568.25463421602,
    217356.80830235212,
    217399.2631475578,
    217140.25264696806,
    217225.73491676748,
    217707.76304450474,
    216988.17432830413,
    217002.3325953513,
    217464.31494269712,
    216943.1897778682
  ],
  "train_loss_std": [
    35305.741036008505,
    35637.18515634906,
    32959.06231371484,
    32527.058736729618,
    32524.83584163179,
    32334.87569126682,
    32372.160017364247,
    32345.035030077215,
    32059.90480122847,
    31788.998758874604,
    31745.34359273233,
    32085.963619624054,
    32173.843118961442,
    32104.236562034406,
    32069.008051534503,
    32056.563357557876,
    32140.299084764807,
    32149.920860232312,
    32035.89121206443,
    31939.749980990262,
    31971.120756094686,
    32037.077492821812,
    32040.51845334789,
    32034.37019892022,
    32066.94872303625
  ],
  "val_loss_std": [
    134882.00887666576,
    127188.7469971796,
    129359.47638449844,
    128617.13963264292,
    128856.1139655649,
    128960.51420927385,
    128085.02097808925,
    128478.94289732595,
    129362.2986796976,
    129387.17006928721,
    128594.33392556786,
    128434.24983178343,
    129009.94725510257,
    128361.27464235686,
    129112.17620976278,
    128082.57491002986,
    128897.01712556754,
    128697.81814101562,
    128132.76318241667,
    128369.36378504263,
    128551.80367498781,
    128312.28871289354,
    127842.39989966244,
    127324.71171248914,
    128665.74208735659
  ]
}