{
  "train_loss": [
    291989.7754403126,
    279103.15729061665,
    245294.13350457122,
    228198.21804649328,
    226254.69276517304,
    225140.52996512997,
    224229.68598500435,
    223394.30806103637,
    222782.6560801536,
    222369.3597143278,
    222015.55934618803,
    220888.4151340187,
    220796.8132374479,
    220126.88644514218,
    219841.95920205233,
    219561.5830292121,
    219313.41257261386,
    219000.4413816551,
    218484.1037592521,
    218320.89247561092,
    218454.90758238212,
    218232.47622430543,
    218158.70081842324,
    218075.66634436726,
    217753.04224878905
  ],
  "val_loss": [
    287780.25771196646,
    261843.85709843825,
    227323.71499131533,
    227711.4670267459,
    225857.1131061873,
    224579.09449106146,
    223545.91694960385,
    223406.7525812729,
    222509.13441245124,
    222170.9786871417,
    221526.01035395762,
    221054.01415283084,
    220485.37441633322,
    220176.0766537018,
    220225.03713817886,
    219143.9039143375,
    219307.3128232501,
    219336.0237023959,
    218943.89478053083,
    218639.80092744663,
    218389.34190481165,
    218253.73514467868,
    218262.01867932788,
    218218.7400236652,
    218066.44173640557
  ],
  "train_loss_std": [
    34825.602309423986,
    36238.00173947072,
    37830.14801638475,
    31991.11259804234,
    33070.96914179127,
    32556.169289809266,
    32455.519102759095,
    32541.47758550784,
    32424.97213187386,
    32411.456476820982,
    32077.78687418789,
    32435.38124156202,
    32265.814117829344,
    32464.754455785504,
    32589.44644144638,
    32371.794803617882,
    32181.45056882747,
    32155.781276564096,
    32205.692624595107,
    32025.87695907786,
    32459.431649325372,
    32086.149614448237,
    32017.858078625995,
    32138.96663840579,
    32038.034614476714
  ],
  "val_loss_std": [
    137837.5736245481,
    132612.9967491701,
    128676.23576168927,
    127018.9608666516,
    130417.61511350091,
    129046.17203423283,
    128786.5723400151,
    128797.3599035793,
    129295.73386332685,
    128899.80158047295,
    129210.88262922913,
    128925.28068232961,
    128691.21901154493,
    129122.88568416887,
    128164.43612140443,
    128898.83040577626,
    128725.97548489529,
    128543.45734153352,
    129039.36079030849,
    128735.08432960289,
    128412.44733670066,
    128637.65364699038,
    128605.69483491556,
    128672.6406830687,
    129185.81903558249
  ]
}