{
  "train_loss": [
    228902.80593279775,
    219488.06291842004,
    220814.58135928735,
    218237.67041650726,
    219990.60658603115,
    218721.8301588203,
    219849.45062170245,
    218982.526478019,
    217611.90232880643,
    219947.16649830242,
    217738.66044665343,
    217351.9955358566,
    217261.83958572432,
    217353.4178487033,
    216962.35005170477,
    216527.25828123008,
    217259.33138170268,
    218471.70828850262,
    218758.64026735048,
    217052.6649730617,
    217807.74281263948,
    217098.21566614465,
    216204.64583532582,
    216029.1383849584,
    216573.41446049715
  ],
  "val_loss": [
    222602.114388369,
    214169.29530135918,
    212627.2998342803,
    212125.2088694853,
    213959.4878982843,
    214536.74637923352,
    215698.82217162434,
    214649.20134943182,
    212715.51279801692,
    215408.63034063057,
    212226.3141223819,
    213798.31074532086,
    211547.7055202763,
    212039.89035344252,
    211444.98317039883,
    212083.361060049,
    212821.93802222595,
    217853.34856840465,
    211875.00243705435,
    211781.20224069743,
    211856.14705186052,
    212818.99435299687,
    212174.07362689395,
    213005.19378063726,
    211592.18335004456
  ]
}