{
  "train_loss": [
    3191704723.404473,
    316906.7345023848,
    313576.8891411968,
    309566.3715490121,
    305129.138973169,
    300354.6813050487,
    295371.9368236669,
    290344.608443853,
    285320.60195593996,
    280382.8620936108,
    275512.32963487663,
    270843.75982736156,
    266396.28367897053,
    262197.4924370375,
    258245.75756960377,
    254500.6797480053,
    251065.8704038226,
    247856.75914669054,
    244920.11598639516,
    242234.8344327243,
    239837.5874679273,
    237642.69285199215,
    235668.5390621446,
    233882.91694580638,
    232314.83096299236
  ],
  "val_loss": [
    318027.8313815147,
    315245.2672854207,
    311529.72989578353,
    307253.923126941,
    302638.26517801156,
    297751.6392936151,
    292712.34401757095,
    287654.62721845636,
    282734.77772454557,
    277815.3777963375,
    273036.48272714607,
    268454.3041253739,
    264172.05883415014,
    260104.0810881028,
    256248.93359216364,
    252663.96890167124,
    249348.11849051164,
    246293.52240885055,
    243465.33880651236,
    240960.60747088055,
    238688.09424882318,
    236574.89665739442,
    234724.599832391,
    233061.66322739833,
    231575.48582809357
  ],
  "train_loss_std": [
    2086218574.484398,
    35756.214192455904,
    35523.869555626065,
    35280.905545749534,
    35081.08961074538,
    34913.429644635595,
    34771.20239059745,
    34665.88188685989,
    34611.99727563091,
    34578.94763837944,
    34538.334693121775,
    34516.64771774736,
    34448.95417627981,
    34384.309862681584,
    34272.68245870519,
    34160.868377285056,
    34032.101757471246,
    33821.78492913185,
    33657.506785987476,
    33527.06658304818,
    33376.40295249921,
    33206.43216714202,
    33043.18219138873,
    32867.857553785216,
    32738.804628211252
  ],
  "val_loss_std": [
    139804.11860108006,
    139846.94850641096,
    139879.4110339201,
    139944.99771779942,
    139995.26865298205,
    139967.17094656313,
    139953.87999360013,
    139924.37089813637,
    139808.14823418923,
    139678.40948944958,
    139433.37980937285,
    139164.01305799372,
    138832.96711815303,
    138475.05794475606,
    138081.78193770893,
    137592.71735679975,
    137164.2799057757,
    136675.66052038482,
    136177.7599066229,
    135578.96364245407,
    135089.827017815,
    134613.2943526668,
    134139.499232551,
    133697.19646411235,
    133257.85987365927
  ]
}