{
  "train_loss": [
    293536.9091590156,
    290510.69289164117,
    281195.2972456006,
    264131.08472906303,
    244912.1856798728,
    231806.65731796736,
    227341.02362877774,
    226409.0185220607,
    226187.4369032533,
    225892.72487985366,
    225629.0089805893,
    225432.65604278244,
    225196.3575259819,
    224943.32216550305,
    224733.41360921162,
    224516.6542395913,
    224293.59563637705,
    224098.1951770116,
    223896.95453567329,
    223700.43785864575,
    223532.99389106734,
    223286.0647445247,
    223126.21120648432,
    222917.93459895434,
    222772.7488259333
  ],
  "val_loss": [
    288308.4457581328,
    282859.5445493538,
    269379.8206745766,
    250080.71136224378,
    232584.65093722148,
    224333.35528074866,
    222657.36131071748,
    222222.18396975266,
    221977.5773869207,
    221727.01515847817,
    221489.97490530304,
    221252.39304116534,
    221016.6728219697,
    220782.0921345811,
    220562.01877924465,
    220328.28468972817,
    220124.79667307265,
    219909.0872326203,
    219700.40447443182,
    219489.12514622326,
    219297.17552361853,
    219097.20042335117,
    218902.53736352496,
    218716.65563029188,
    218523.18520220587
  ]
}