{
  "train_loss": [
    10.877040402796693,
    0.6475189021260331,
    0.3948465327714395,
    0.3371752494815629,
    0.3163196653699513,
    0.3058094382685032,
    0.3036879124597799,
    0.29753106466458346,
    0.2954844234113127,
    0.2983122483155175,
    0.2928106181252048,
    0.29188010646450047,
    0.28812919059059333,
    0.29299981186032586,
    0.2870767507926527,
    0.28561066813510955,
    0.2831182270055235,
    0.28218426501701743,
    0.279530273171101,
    0.2774865486322903,
    0.28366011785096434,
    0.2778484145348118,
    0.2735390144498792,
    0.28204338697384956,
    0.27973513178184917
  ],
  "val_loss": [
    0.7650051682682361,
    0.40801419069148087,
    0.32486082742407746,
    0.30646996323707165,
    0.2991847741242289,
    0.29602751026825647,
    0.2956625295472294,
    0.29161660815859136,
    0.2897618955315276,
    0.2968887953913499,
    0.2915683876287714,
    0.2899460788287827,
    0.2898498851204429,
    0.2879490839329072,
    0.28127111279198785,
    0.2850777043709257,
    0.28225976858789853,
    0.27946200011087036,
    0.2787738524304236,
    0.2832485311643871,
    0.282417413089873,
    0.2810000980224703,
    0.31546214565860703,
    0.2845835274984324,
    0.27088049834429634
  ]
}