{
  "mse": 0.27088049054145813,
  "rmse": 0.5204617977142334,
  "mae": 0.3864297866821289,
  "r2": 0.47468072175979614
}