{
  "train_loss": [
    5276615627.901908,
    224401.62835159438,
    222725.4785255874,
    223234.70977289754,
    225197.75127618114,
    224470.88359952817,
    223759.12221252552,
    225789.36100584193,
    225243.72199972902,
    224960.53732207185,
    222641.61369170013,
    229007.69026754974,
    223963.23702001243,
    228607.23253793674,
    225830.18814755484,
    226641.83627024357,
    224977.81560427824,
    224362.793232255,
    227969.10665726216,
    222910.51560109027,
    224120.75529201733,
    225089.681715841,
    223642.4208369198,
    223144.56537165662,
    224924.98329457967
  ],
  "val_loss": [
    219549.72982815286,
    219174.64944713682,
    220343.78535121435,
    218255.08659202317,
    223464.50761753565,
    219020.2352732286,
    221945.43374693627,
    222232.28879790552,
    220536.39052055482,
    218184.04348401292,
    220800.44806985295,
    220234.69177528966,
    219087.15248997326,
    222588.19266655526,
    218641.45098735517,
    218728.10056678922,
    221409.00570270722,
    220404.96910511365,
    218262.1931330771,
    218886.61334391712,
    218976.0498342803,
    222622.51717775178,
    219349.672996045,
    219162.13814616756,
    219515.74940118092
  ]
}