{
  "train_loss": [
    9.895520944855642,
    1.5134866063398964,
    0.7907060703130722,
    0.48841642179217404,
    0.4067865899397128,
    0.3736846174618923,
    0.34494431090558053,
    0.32897558194379956,
    0.32641398810780375,
    0.3308444230957709,
    0.34522455300338667,
    0.31605112096161736,
    0.328397152712874,
    0.31677600964391506,
    0.33787859543836063,
    0.3541963941859795,
    0.3219920997320165,
    0.3097763104250819,
    0.31716652162393577,
    0.34102617274797514,
    0.31848540655743,
    0.30871031771520246,
    0.3069572396618918,
    0.3448927749039003,
    0.31411876165840796
  ],
  "val_loss": [
    2.170933748911019,
    0.7776887509545279,
    0.5336165093610499,
    0.4286688166337515,
    0.38239664619639907,
    0.36361410460629306,
    0.3544747709516014,
    0.33545907133607883,
    0.32476089621904,
    0.3618973224306205,
    0.3323024322071887,
    0.33510504231784805,
    0.3256356785006537,
    0.33897240706491777,
    0.4068465198751353,
    0.3332499395312539,
    0.33847410396171007,
    0.3378392273604367,
    0.3500384813519606,
    0.33968426264913854,
    0.3224288091773079,
    0.32267325624555404,
    0.3731725157996921,
    0.32888455864710686,
    0.3505094066957585
  ],
  "train_loss_std": [
    0.8964554615377603,
    0.1592494948229871,
    0.17419571722999527,
    0.02389481305071606,
    0.031113472004708508,
    0.038762998123460145,
    0.015343989327689244,
    0.007252914357207383,
    0.0063716682314340495,
    0.025376598499091064,
    0.029569926661201167,
    0.01445589894318607,
    0.03083687206261359,
    0.015396033702763837,
    0.06533383703774658,
    0.05376729764096519,
    0.012205388633737425,
    0.012153255309091634,
    0.015775904653663193,
    0.04124408250869153,
    0.023784797387598432,
    0.01848006135151589,
    0.023902320952481466,
    0.09903114827517313,
    0.014297247460941609
  ],
  "val_loss_std": [
    0.7493248220005689,
    0.1634131176122181,
    0.0645565753779867,
    0.03217586746580595,
    0.0348145825407088,
    0.04146430607506871,
    0.04052955189592934,
    0.029990854562535307,
    0.026352360534938283,
    0.04059931890674006,
    0.027362720658966277,
    0.042036698422612644,
    0.030217521961706607,
    0.04464917257914345,
    0.08061251261097542,
    0.028879311557448713,
    0.049782903874358395,
    0.04924943389289685,
    0.03541765531916139,
    0.030299393188699782,
    0.02620029600883525,
    0.03482353840670815,
    0.10858376360927421,
    0.03228991528634375,
    0.03777231843992311
  ]
}