{
  "mse": 0.22114245328799842,
  "rmse": 0.47025785829478534,
  "mae": 0.3571442912610882,
  "r2": 0.5711378646991672
}