{
  "mse": 0.2706998453097538,
  "rmse": 0.5202882329149427,
  "mae": 0.3837774534232456,
  "r2": 0.4750310853522278
}