{
  "mse": 0.5162700852272598,
  "rmse": 0.7185193701127756,
  "mae": 0.571854076529008,
  "r2": -0.0012039201453575288
}