{
  "mse": 218010.47778156944,
  "rmse": 443.01322736668965,
  "mae": 169.01778148230693,
  "r2": 0.022581984076692475,
  "mse_std": 128385.45841336905,
  "rmse_std": 147.4779921199064,
  "mae_std": 17.490729955461223,
  "r2_std": 0.01855782499115024
}