{
  "mse": 221727.31904850458,
  "rmse": 447.69434228877526,
  "mae": 175.25641715475754,
  "r2": -0.005068263719934763,
  "mse_std": 128859.91908050877,
  "rmse_std": 145.93524225191638,
  "mae_std": 15.679859099494877,
  "r2_std": 0.0069375707772427716
}