{
  "train_loss": [
    285766.51234638004,
    232926.75803864608,
    224942.0112525105,
    223191.01007396073,
    221794.59860367252,
    220592.13858669664,
    219615.8085389569,
    219848.84524037235,
    218624.3646710023,
    218396.32592331356,
    218032.69907130674,
    218104.2275667081,
    217841.17140079063,
    217601.613218487,
    217689.09329671162,
    217453.59624258798,
    217539.19496580912,
    217118.77648399642,
    217167.8954487854,
    217022.94390182671,
    216742.77139421544,
    216909.20417154825,
    216730.15554167464,
    216885.8337467722,
    216337.0416467419
  ],
  "val_loss": [
    256700.67636614305,
    221942.19394078653,
    219871.65850601604,
    218372.65649370544,
    216928.84306762478,
    216169.26598011365,
    215030.4025526404,
    214481.74527907753,
    214420.49119875222,
    213681.65313753343,
    213495.02079851826,
    213357.20426693404,
    213306.79459809492,
    213522.0353372883,
    212947.70694769386,
    212745.21849933156,
    212867.2815842246,
    212980.47937555704,
    212630.79417335117,
    212388.1614931484,
    213593.6252158534,
    212596.5812513926,
    212171.55154718139,
    212323.8874568293,
    212367.8007255459
  ]
}