{
  "train_loss": [
    243427.76514501093,
    221964.28166053156,
    222054.62881122725,
    221655.89071522187,
    221202.28746644635,
    221760.59340318997,
    222330.33147946437,
    222401.89320989588,
    222245.42817304988,
    222012.32151645175,
    222901.61526223616,
    222270.31791177252,
    222354.5246157772,
    222461.13374460855,
    223017.62053097255,
    222310.5861635664,
    223418.33088378134,
    222179.78888604062,
    222106.89830450466,
    222395.17396008671,
    222385.45215608535,
    222226.5008196355,
    222732.50799775793,
    222437.53280120678,
    222473.45518327513
  ],
  "val_loss": [
    223951.78781056093,
    222523.28614366837,
    221988.36152782338,
    222443.66742111914,
    220792.2970918532,
    221387.9626048883,
    221897.14691341552,
    222562.96892145445,
    221748.49214183688,
    222747.82330442607,
    221511.95053643282,
    223208.52289624576,
    221440.66018038802,
    222644.17366135196,
    221455.70454387733,
    223477.13141961923,
    222226.1926232904,
    223443.00162085035,
    221468.80918604863,
    222978.52433716925,
    222378.2170071338,
    221693.91281463383,
    223217.27555277882,
    222728.4115085535,
    222613.15354228258
  ],
  "train_loss_std": [
    34587.206242762906,
    31647.619456285258,
    32476.059366148536,
    32415.563505528753,
    32553.037367784662,
    31859.806421881065,
    31982.98811618986,
    32129.0812193589,
    32365.475020145048,
    32322.751632591884,
    32161.896559739092,
    32140.69816883251,
    32090.222372002583,
    32129.113588482873,
    32664.6640583476,
    32261.25311655153,
    32236.723379622985,
    32292.599421884333,
    32356.16338355397,
    32126.00977798273,
    32353.98388548758,
    32509.700681079765,
    31934.603015841454,
    32685.79228246532,
    32445.101137711747
  ],
  "val_loss_std": [
    130832.12090455367,
    130587.73704101412,
    130004.09934070562,
    129041.29205026981,
    127805.28373307083,
    129391.79682957537,
    128904.70417023054,
    130292.27321671261,
    128427.47997008177,
    128545.33631747126,
    128505.81043770521,
    129120.20955575151,
    128731.30520663914,
    129983.26573151056,
    128700.40597795107,
    131428.8782262683,
    129240.77910283768,
    129368.52781648432,
    128562.76856967786,
    129474.84091353738,
    129397.15422295283,
    128273.46061599864,
    127655.83482366077,
    128911.34614106327,
    129399.89155023864
  ]
}