{
  "train_loss": [
    293750.8128984953,
    291494.2625765111,
    284501.44702204474,
    270431.9234889059,
    252240.12903874967,
    236601.6378972998,
    228814.80062932367,
    226811.85380602843,
    226349.49450873502,
    226038.7492209417,
    225803.817481191,
    225532.6364841359,
    225285.21722924238,
    225064.1056331293,
    224842.26748398048,
    224555.95300644764,
    224326.9125263007,
    224097.7604101911,
    223859.08164172087,
    223717.52703292368
  ],
  "val_loss": [
    288725.5501058378,
    284673.3370237299,
    274198.7242647059,
    257015.37151153074,
    238825.8368357286,
    227209.07116198752,
    223232.19817429813,
    222482.83835366534,
    222150.30896278966,
    221881.94306344696,
    221609.84339488635,
    221342.78882575757,
    221105.3595421123,
    220856.80093443627,
    220629.43313419117,
    220366.08647365196,
    220125.57391237744,
    219899.66587288326,
    219664.64137004234,
    219454.25609959892
  ]
}