{
  "train_loss": [
    292169.1897634532,
    276197.2303203105,
    238317.8296611993,
    227560.11916005163,
    225293.1408670859,
    224523.46515457632,
    223634.5599391697,
    222731.22974049987,
    221878.91959959193,
    221139.51609323197,
    220362.0821617572,
    219836.73463402194,
    219438.07810507523,
    218854.0411436416,
    218482.76669545795,
    218393.45851066374,
    218054.88247178652,
    218034.67938862854,
    217791.49975990658,
    217723.50486761986,
    217627.21876992477,
    217732.05956607847,
    217768.1432092419,
    217456.26994269638,
    217351.2075293691
  ],
  "val_loss": [
    283030.2637728387,
    252751.34996797013,
    222824.6019593917,
    221838.02950228387,
    221035.59943181818,
    219906.34137561274,
    219008.41796875,
    218138.5709252451,
    217287.64646000444,
    216489.63511029413,
    215746.81387867648,
    215193.68099654635,
    214709.12605141487,
    214319.07012449866,
    213997.18777852049,
    213835.91546902852,
    213733.64145359848,
    213535.68833556148,
    213478.87217997995,
    213346.37843276514,
    213264.56924019608,
    213329.2390123663,
    213138.299096201,
    213059.8299632353,
    213015.5706536876
  ]
}