{
  "mse": 0.22010547993424978,
  "rmse": 0.4691540044955918,
  "mae": 0.36005530382269957,
  "r2": 0.5731488698233598
}