{
  "train_loss": [
    26.702365051567615,
    25.152541366149315,
    22.541078628331867,
    18.2555544088989,
    12.641718798134173,
    7.126190017732524,
    3.2908852095671968,
    1.5333687734855586,
    1.0399732071993832,
    0.9361433333332261,
    0.8899033088686823,
    0.8498679893550015,
    0.8112033468651412,
    0.7745721793985225,
    0.7390125409925136,
    0.7052159229042174,
    0.6728903974444671,
    0.6418260957454938,
    0.6123470003952691,
    0.5845251892792745,
    0.5581806607613888,
    0.5332466660742268,
    0.5106900880515324,
    0.49000702696702875,
    0.4717594011710826
  ],
  "val_loss": [
    25.997677387699877,
    24.04746791382735,
    20.61373404214139,
    15.477723811693796,
    9.605868235559367,
    4.772709681634594,
    2.061465929719858,
    1.1474995480002819,
    0.9585347960624018,
    0.9053166503554498,
    0.8651036315998809,
    0.8262569539117234,
    0.7891976023746972,
    0.7534904491665978,
    0.7197466643283009,
    0.6869259097585065,
    0.6558769256471021,
    0.6258925211483705,
    0.5978602008145646,
    0.5710864971029206,
    0.5461099896736018,
    0.5226323616298915,
    0.5025275840897301,
    0.4832526361561159,
    0.4662765382180208
  ],
  "train_loss_std": [
    0.8097452229843851,
    1.0201334194867324,
    1.6347756481000901,
    2.468678934706936,
    3.028532428736591,
    2.7243336399962876,
    1.5051044588996039,
    0.46833329444882993,
    0.1096619109158101,
    0.06884549881031057,
    0.06287812281857799,
    0.05967468509671462,
    0.05737376325133972,
    0.05522852296049276,
    0.052800921421202573,
    0.050579422119422984,
    0.0481010871785015,
    0.04540342757009279,
    0.042206574084208894,
    0.038799404935680716,
    0.03446918785743161,
    0.030938613702286073,
    0.027862563281491365,
    0.025297685823195505,
    0.023560034988253518
  ],
  "val_loss_std": [
    0.8210758171288784,
    1.201717111738443,
    1.983009673366115,
    2.7427128417562012,
    2.941616355914533,
    2.0614361179294947,
    0.7662339720819125,
    0.1384751460965765,
    0.06700232491479403,
    0.06018366735925511,
    0.054170500968252974,
    0.049692914337839664,
    0.0473005284412678,
    0.045273837716546785,
    0.04380071169873427,
    0.042215167299841656,
    0.041175786048718514,
    0.039738749747469354,
    0.03749539254287217,
    0.03455434630971819,
    0.03121142222667477,
    0.027654156303818702,
    0.024652567021437803,
    0.021931083859628758,
    0.020411108827573077
  ]
}