{
  "train_loss": [
    261890.99170332824,
    224680.68605146965,
    221991.51732458238,
    220226.30855888166,
    219334.20424228115,
    218467.05886622114,
    218370.9840940608,
    218671.1619534637,
    218215.6094895674,
    218104.4803541826,
    218029.6755257149,
    217943.04020120026,
    217992.52419812788,
    217647.65672196785,
    217671.86549788,
    217177.81487802058,
    217636.83788913063,
    216941.99640557257,
    217436.18285703185,
    216892.13496238206,
    216311.32904203728,
    216707.08569740658,
    216472.78836712573,
    216809.65458329348,
    216523.61027360687
  ],
  "val_loss": [
    221640.28151459448,
    218973.36447192513,
    216515.19022253787,
    215466.81693543895,
    214386.34823418004,
    213888.0361589238,
    214408.34021278966,
    213589.0643521613,
    213447.46985015596,
    213323.31838374556,
    213108.6158923797,
    212932.56185940286,
    212894.45100128118,
    214209.4733943293,
    212585.0096507353,
    213530.15880542557,
    212979.2929130459,
    212271.376107119,
    212354.5363190731,
    212057.94817429813,
    214102.58022782978,
    211893.70945437835,
    212239.55891404857,
    211865.1896167558,
    212000.2228651404
  ]
}