{
  "train_loss": [
    234321.78096109093,
    223878.37059662712,
    222992.2467662108,
    223853.78023383702,
    223094.65710477237,
    223609.62466526395,
    223835.34436169025,
    224266.03665160356,
    223937.71419320646,
    222751.72335560923,
    222832.10365011715,
    222659.57066915327,
    222859.7783788415,
    225298.9139733367,
    225908.21232625606,
    222936.53874868498,
    224113.6080400408,
    222480.67602881519,
    222597.82456693525,
    222650.04375602724,
    223520.27811807615,
    223895.3772579739,
    222540.2901762943,
    222366.88336242348,
    223919.2041600915
  ],
  "val_loss": [
    221983.68777155748,
    218229.45018660874,
    220650.07657224822,
    218562.95047209226,
    219956.8810856729,
    218864.35771084,
    221082.49568989527,
    218650.7352732286,
    218264.12620460117,
    218939.1779537099,
    218192.53821301248,
    218612.45898785652,
    221044.36330910205,
    223660.6271724599,
    218806.5868357286,
    218866.42977801917,
    219281.31949782753,
    218849.1944212344,
    218457.74209001783,
    218796.1987731172,
    221763.4952024844,
    218406.41587288326,
    219179.60372103387,
    219185.95746295678,
    219260.66569184492
  ]
}