{
  "train_loss": [
    2.9514731704614308,
    0.35900401333085996,
    0.3297129092845209,
    0.31978468735864823,
    0.3169422674645629,
    0.3352037962451574,
    0.3143850188524671,
    0.31754253140509625,
    0.3182738751254128,
    0.35016370402598146,
    0.30745213876835314,
    0.339840426976492,
    0.29537034639170245,
    0.2937301099466474,
    0.3278428418495986,
    0.3348408494755385,
    0.32738199864285794,
    0.3078744799456405,
    0.32032126274507855,
    0.2980482375307861,
    0.2934543437604383,
    0.2828423318714612,
    0.29864297989186905,
    0.3021568438331228,
    0.28116140756700336
  ],
  "val_loss": [
    0.42257307060472254,
    0.3391685293593743,
    0.35927281195257205,
    0.3248351363959218,
    0.38396953231251474,
    0.35480864102492227,
    0.3568786190645251,
    0.3815914461661209,
    0.44975752418475273,
    0.34032633688792097,
    0.4591026743389085,
    0.30624571725029603,
    0.3180311213115025,
    0.47543056782790105,
    0.5006383526797962,
    0.44780530828232373,
    0.3638552088049873,
    0.39376225711163454,
    0.37843327978354463,
    0.31398725333008193,
    0.30769068402761623,
    0.3693614410633095,
    0.418069555098901,
    0.34296698013042015,
    0.32534615488980706
  ],
  "train_loss_std": [
    0.34343005364405904,
    0.008948525052215191,
    0.015609273633837793,
    0.01094717464451896,
    0.011030950226799298,
    0.028217768580225698,
    0.014926666186234266,
    0.016881215228512856,
    0.01814791911704926,
    0.07074101332830941,
    0.009394373511896552,
    0.025971687257334616,
    0.010449967701429029,
    0.00353085876144893,
    0.04337008835254684,
    0.037711496190940844,
    0.05601251342734153,
    0.024880148900297116,
    0.03898847793857868,
    0.008471883714385854,
    0.010526975048995798,
    0.009844584168533512,
    0.030371211715323854,
    0.019192643113682198,
    0.011173303262122016
  ],
  "val_loss_std": [
    0.03307535147311362,
    0.023981621779757534,
    0.05420819774100269,
    0.03191525817128782,
    0.09072518900423628,
    0.03160395298816043,
    0.06544014518646507,
    0.09474981964965307,
    0.28331537698634646,
    0.049869755971247015,
    0.1533700087725129,
    0.03017174623239355,
    0.035695407549585556,
    0.10482864566005247,
    0.13552617100357442,
    0.1481590382851951,
    0.07695252782401489,
    0.08488493390444266,
    0.08000558653474114,
    0.03353181708620008,
    0.02407477186042014,
    0.10130851778386162,
    0.09500102760642412,
    0.038891748675346005,
    0.022048712359506523
  ]
}