{
  "train_loss": [
    231840.35751872897,
    221373.39911712758,
    221011.72945097327,
    219227.38722481875,
    217687.678323036,
    219530.3789420446,
    217885.43101316792,
    218144.49981602756,
    218433.52036704,
    218130.6992999306,
    218390.73053069398,
    218002.44656683452,
    216951.77571567154,
    217053.68800516584,
    217812.00339455265,
    216830.86029384905,
    217499.87916965503,
    216149.85566115432,
    216170.93625650596,
    216878.8271800967,
    216278.071417299,
    216937.28652340733,
    216264.92585110333,
    216958.22613014272,
    216230.31410990632
  ],
  "val_loss": [
    225311.94141593552,
    220336.6192738506,
    219614.0050001742,
    217205.90788696698,
    222721.37540123207,
    216359.5988943334,
    218019.9054309396,
    217989.42347374588,
    216837.43610942102,
    220940.73520336245,
    216612.45690933132,
    216854.42326402367,
    216820.23211650286,
    217636.9883709276,
    217470.21879308135,
    221004.24721342968,
    218186.28962651966,
    217411.00122422585,
    217720.91340977862,
    216565.86685725496,
    217945.3261638225,
    215647.8776239654,
    215647.85637917407,
    218691.57894294692,
    217681.71974111994
  ],
  "train_loss_std": [
    33444.81376786711,
    32559.748747563597,
    32968.22822047877,
    32393.55191180356,
    31790.778590731887,
    33285.32977236591,
    31887.43098108801,
    31463.411888016348,
    31874.4142881621,
    32746.174340012643,
    31415.979724868714,
    32202.290922572698,
    32196.32982202253,
    31772.80619720235,
    33519.48851434157,
    32264.76600861138,
    31712.94742003701,
    31734.18635618542,
    32354.617577614685,
    31897.004335643975,
    31883.200472454762,
    31461.14701786971,
    32122.30195968746,
    31532.159656363863,
    31951.994868639777
  ],
  "val_loss_std": [
    126830.59303711081,
    129222.09857829238,
    126748.91676566505,
    127207.6026028357,
    123264.46935681792,
    127882.3263415519,
    126297.57539647463,
    128875.66190583592,
    127735.27295498617,
    130285.95071195567,
    128894.82352855592,
    125639.09429265186,
    126831.10702637218,
    126767.45733661363,
    125513.54916529344,
    129742.84165248815,
    128341.79585868646,
    125768.43597772416,
    129175.39346977735,
    128478.59977156423,
    125122.6449544775,
    127385.10836056026,
    126767.7142908682,
    131250.59667670622,
    126992.45097316864
  ]
}