{
  "train_loss": [
    293583.1253612502,
    293500.52241960977,
    293408.749891237,
    293303.78610562923,
    293183.3016596089,
    293045.20546749287,
    292882.3323982131,
    292688.82213424525,
    292465.35356832336,
    292204.1490061448,
    291901.14465660887,
    291554.8870140263,
    291166.0798343088,
    290725.235582068,
    290237.214014567,
    289694.7308058346,
    289087.02163258416,
    288417.7397871378,
    287688.9777616632,
    286900.4073111902,
    286049.23540410463,
    285151.0177129954,
    284237.38830437383,
    283280.8143307851,
    282266.60782343947
  ],
  "val_loss": [
    293528.0925776273,
    293440.18246305885,
    293342.256731578,
    293228.93571870273,
    293099.1034932911,
    292949.8471295688,
    292769.79867446295,
    292559.77106544387,
    292317.3317185758,
    292036.4248624507,
    291709.08459964517,
    291342.17695698206,
    290924.7093980182,
    290459.44990033744,
    289942.5176005211,
    289368.7958605197,
    288726.9300657449,
    288025.9881264682,
    287265.96749059367,
    286448.73221564444,
    285571.6908774536,
    284665.068863909,
    283739.5975861378,
    282761.1262144898,
    281729.661905073
  ],
  "train_loss_std": [
    34713.97260460109,
    34722.670925199,
    34729.928775746346,
    34733.12236066758,
    34735.64143935466,
    34736.987532105035,
    34738.06270325347,
    34737.77662431991,
    34736.01424742633,
    34733.97031770782,
    34730.51223844802,
    34725.196373998595,
    34720.636257235725,
    34717.257053651076,
    34708.634973256056,
    34695.83783716598,
    34681.938584611766,
    34660.903276841906,
    34636.51846886441,
    34611.298368137686,
    34583.19556256937,
    34548.613617860305,
    34487.55879175845,
    34414.30695470656,
    34334.34175136921
  ],
  "val_loss_std": [
    138919.43587614835,
    138902.26722648705,
    138888.29794944002,
    138875.3360732525,
    138861.26952173052,
    138846.10139264632,
    138827.8487645492,
    138807.2122555654,
    138784.4548265591,
    138758.66777417462,
    138731.1847356541,
    138701.2272391507,
    138663.92792266238,
    138623.30628212998,
    138580.7550209178,
    138538.21647705632,
    138491.86969634067,
    138445.53111784498,
    138392.94239562174,
    138343.09878056243,
    138286.9081222958,
    138253.55838820172,
    138233.33476592938,
    138218.52803660856,
    138217.64114215958
  ]
}