{
  "train_loss": [
    294155.4128729916,
    294057.19699614256,
    293963.38938966463,
    293864.9069194721,
    293757.125589773,
    293633.5286996302,
    293489.55012472905,
    293321.7754518936,
    293125.94715952565,
    292901.4363124841,
    292646.1129136381,
    292356.23487710406,
    292028.5721127024,
    291664.3510424637,
    291252.8932351441,
    290793.9829792703,
    290288.6926366042,
    289739.0296619963,
    289139.13830077625,
    288490.71533091046,
    287789.7178374458,
    287048.8304004081,
    286255.7414821634,
    285417.0426111005,
    284532.06801118975
  ],
  "val_loss": [
    289752.3210227273,
    289657.0756183155,
    289563.6075506907,
    289460.6526710116,
    289345.6889622326,
    289214.4136725713,
    289059.0991115196,
    288879.26536040555,
    288673.3128620766,
    288431.90527517826,
    288158.2809297014,
    287852.0687667112,
    287511.43095476826,
    287125.72079712566,
    286697.97081105167,
    286211.5294256907,
    285686.47607508913,
    285116.7402796346,
    284495.96998941625,
    283821.09639594477,
    283106.4490725267,
    282336.82713625225,
    281530.91576147504,
    280671.6744930927,
    279770.0914522059
  ]
}