{
  "train_loss": [
    293222.4050110954,
    291099.2872762254,
    284544.02980515745,
    270995.03802088054,
    252653.62965724518,
    237263.8726180641,
    229641.56851080369,
    227069.05397472662,
    226365.91079558752,
    225987.67581665664,
    225701.41616491685,
    225430.77167816943,
    225181.11322857937,
    224916.7625262059,
    224663.49654668118,
    224425.20642340236,
    224189.26145220656,
    223987.82650956948,
    223751.78796557555,
    223550.69293963126
  ],
  "val_loss": [
    292556.20580307377,
    288713.6891820702,
    278806.92388840776,
    261863.09164377293,
    243913.3802180072,
    232465.29044356168,
    228155.2082172747,
    226860.49838471372,
    226404.58540332233,
    225979.4633659663,
    225754.79314877404,
    225476.75613377366,
    225243.87937132642,
    225003.7342181963,
    224833.01232426855,
    224508.29094975875,
    224297.2189951438,
    224052.13706693132,
    223807.71012623305,
    223545.95523782153
  ],
  "train_loss_std": [
    34709.69556186075,
    34664.49912441476,
    34393.04411996911,
    33824.384252662916,
    33462.61340350245,
    32842.18848939943,
    32492.89297521674,
    32520.1636048103,
    32643.227879274964,
    32648.34291199828,
    32616.020416767205,
    32587.112952116113,
    32589.396580332846,
    32559.916528427962,
    32553.73544466844,
    32513.0474249732,
    32525.33558473463,
    32530.367478069576,
    32514.794922699435,
    32508.1055684789
  ],
  "val_loss_std": [
    138848.80698409755,
    138629.25811545443,
    138166.14110202432,
    137103.0823466476,
    134860.02833410556,
    131900.48330888673,
    130056.2624695945,
    129425.07767549226,
    129230.80885073103,
    129182.81591178989,
    129183.98772490134,
    129076.90250015944,
    129021.27342989347,
    129014.85782996385,
    128947.23545370679,
    129001.5228297758,
    129037.18890805259,
    129010.56658082495,
    128930.28346867311,
    128844.47185271958
  ]
}