{
  "train_loss": [
    246369.04180653463,
    222828.70183923445,
    220302.81939721527,
    218952.0726702575,
    218272.9818603694,
    217997.71449406235,
    217851.391833618,
    217891.83750382118,
    217612.5547193527,
    217522.6304216119,
    217474.4594417846,
    217094.24114771458,
    217046.90061312326,
    217186.33370361742,
    216747.9070078446,
    216620.7778917475,
    216643.11301368926,
    216522.96049569492,
    216255.18195503153,
    216032.9021842153,
    216168.68572291467,
    218215.20898083207,
    215917.7343427025,
    215874.543056327,
    215822.50973221575
  ],
  "val_loss": [
    225530.48851660328,
    220932.55933408826,
    219349.35948930556,
    218947.37477372182,
    217838.85926683006,
    218419.6361859488,
    217273.8005351497,
    217769.6566313555,
    217995.67940346635,
    219039.08210658794,
    217080.4507433633,
    216667.67140926258,
    217044.90822598766,
    216973.5530916547,
    216158.3249165357,
    217005.7380022477,
    215956.7020417528,
    216744.33677427363,
    216263.38104520025,
    215713.28471145447,
    217442.2499799913,
    215725.3693079502,
    215781.8589228013,
    216110.91533820573,
    216424.877797955
  ],
  "train_loss_std": [
    32400.36588607463,
    32504.513074717765,
    32245.263722323,
    32152.192516520525,
    32154.63765782345,
    32191.838428803763,
    32015.20687471484,
    32220.790701498663,
    32320.57013769062,
    32082.548974419093,
    32453.091276973322,
    32202.318594282002,
    32003.5686648504,
    31977.825330205418,
    32022.14010591175,
    31928.318569348485,
    31956.14576884777,
    31902.337328980375,
    31832.60530976645,
    31904.41036288078,
    31944.401382357006,
    31034.953731693102,
    31731.468248927875,
    31838.39817534957,
    31979.79494343357
  ],
  "val_loss_std": [
    128897.15616963906,
    128889.27443910857,
    128452.34599687567,
    127295.80144490016,
    128931.99916821766,
    127414.40523417728,
    128402.87373822385,
    129123.98717367504,
    128703.68990155148,
    125332.08237049324,
    128413.18129852219,
    127430.15948752456,
    126989.74769233147,
    127289.68218985343,
    128149.11243775353,
    126331.537824191,
    128007.50006181699,
    127494.603169392,
    128845.52629324705,
    128083.43520204833,
    127621.78305461898,
    127576.51153559974,
    127089.72572311803,
    126974.06519367258,
    127322.53643355012
  ]
}