{
  "train_loss": [
    293164.47717847215,
    290869.0238367229,
    283133.18072730995,
    267307.4810989128,
    246899.52624315894,
    232145.59515702998,
    227085.8354960151,
    225938.30428357996,
    225526.8105720485,
    225242.32966226386,
    224935.7172465316,
    224688.9905832038,
    224395.9486239505,
    224141.5487740375,
    223888.86781093647,
    223654.68171214274,
    223440.8977682952,
    223200.78711313257,
    222972.25543800663,
    222738.18267574767,
    222508.84601946958,
    222308.9718484801,
    222095.915225127,
    221896.5641666015,
    221688.8960793435
  ],
  "val_loss": [
    292498.94987595064,
    288081.3662357287,
    276114.1088768738,
    256465.0337869784,
    237248.8531819467,
    228101.88936562865,
    226211.10898372176,
    225776.603543138,
    225463.64214686042,
    225301.5658879207,
    225008.55328709166,
    224658.16462342854,
    224416.0438074055,
    224246.08196015802,
    223973.34662192425,
    223738.46208770986,
    223446.79854585658,
    223279.54409014047,
    223077.0879474706,
    222904.22534751255,
    222693.40908593504,
    222536.97250656952,
    222200.9019881811,
    221963.55748417965,
    221806.26788429808
  ],
  "train_loss_std": [
    34776.322999159915,
    34871.46698966242,
    35199.46307551423,
    35608.858638493526,
    35166.62568626988,
    33774.045411458625,
    32961.81855338895,
    32643.52375470206,
    32605.13947730446,
    32614.01829558226,
    32609.83894697511,
    32593.746983897003,
    32603.10906844726,
    32596.345995005435,
    32587.9723390271,
    32592.34409531131,
    32595.57443954422,
    32610.787614733043,
    32600.91176681959,
    32609.960212750702,
    32595.86217130599,
    32582.79083435741,
    32568.232009317697,
    32588.632578205234,
    32586.161121612065
  ],
  "val_loss_std": [
    138744.90304901067,
    138148.73198767158,
    136551.2361414874,
    134292.87646077242,
    132094.65591529157,
    130466.46017631228,
    129574.16166249919,
    129253.8009881119,
    129130.72877177181,
    129084.149474162,
    129106.0701893318,
    129076.553087623,
    129086.88252056726,
    129022.00190216939,
    128934.69576299396,
    128954.35016118924,
    128917.56590676423,
    128903.94028949442,
    128776.87478957971,
    128800.61203882551,
    128898.01570721084,
    128873.31004646808,
    128730.35512145305,
    128704.89874720074,
    128738.87023032989
  ]
}