{
  "train_loss": [
    263916.06975526555,
    225647.81391130964,
    223132.66204878694,
    221424.68211264256,
    220144.12725354853,
    219016.4383326532,
    218361.64074214973,
    218023.95299582384,
    217765.40104648896,
    217631.51770832512,
    217581.60251929905,
    217838.11277257642,
    217252.0566786388,
    217335.3729479046,
    217119.63057711365,
    217035.9230536789,
    217020.7136361889,
    217032.85333801928,
    216477.85136092262,
    216649.39191192682,
    216649.86010516406,
    216448.63789559697,
    216262.83976549486,
    216679.18277701642,
    216047.03115755468
  ],
  "val_loss": [
    228559.33019635762,
    224146.8894081384,
    222530.00906885802,
    220384.24487969573,
    220155.1755146433,
    218900.60376873185,
    217971.5715479239,
    218633.51616966032,
    218237.36279936097,
    218413.93826236884,
    217430.16560599447,
    217881.66140167433,
    217791.32950593624,
    217485.32132621823,
    217270.1836232071,
    216871.3555898755,
    217324.21641695034,
    216412.72734035953,
    217030.44736068387,
    216886.79441961175,
    217087.30472849729,
    216384.52747784654,
    216471.08098602173,
    216156.12653500255,
    216035.1514176409
  ],
  "train_loss_std": [
    36619.80489075184,
    32669.229715410333,
    32569.214151598535,
    32427.38763276883,
    32474.931119477074,
    32342.718993087743,
    32099.753076681623,
    32146.16205470049,
    32118.378647829155,
    32025.589976245883,
    32224.6540599524,
    32242.487459237283,
    32041.03101192575,
    31955.037850817153,
    32144.176941821264,
    32017.1523311976,
    31997.0187579724,
    32435.29091877352,
    31873.901104452932,
    32052.58258695564,
    31982.512626098305,
    31844.434831314098,
    31896.354386784402,
    31984.315223008885,
    32012.807742933463
  ],
  "val_loss_std": [
    127685.83486169655,
    129684.04639235332,
    129462.12964123412,
    128936.76417354711,
    129438.49782257847,
    128243.15218526128,
    128508.81414805929,
    127235.24564401753,
    128900.99995163549,
    127970.47846641394,
    128470.28106766994,
    128984.2212756977,
    128419.94953433718,
    127990.51247135366,
    128928.87129729017,
    128189.12509675813,
    127667.08325918108,
    128260.056968643,
    128073.04153964213,
    128246.56614700233,
    129315.42870346518,
    127521.08814185452,
    128147.65923025075,
    127952.0325161639,
    127935.66436640179
  ]
}