{
  "train_loss": [
    7.899419631532679,
    0.5134065241496808,
    0.41907571036737556,
    0.4295835671204852,
    0.41395774653263395,
    0.4154723671292354,
    0.4335176435174962,
    0.4210207163230185,
    0.43276581476438414,
    0.4236132445228048,
    0.413731786037075,
    0.41149246833334263,
    0.4185873155636724,
    0.4154539500769472,
    0.4134068539051433,
    0.41332412963443754,
    0.4156423768309594,
    0.41258913224643246,
    0.41632420312407925,
    0.41995442201558114,
    0.4110401009458092,
    0.40615908459545363,
    0.40666256705749726,
    0.41499872312830943,
    0.4456796311215306
  ],
  "val_loss": [
    0.8320031510500188,
    0.44510769320585586,
    0.44503990705846624,
    0.40992821831495546,
    0.4162590098918648,
    0.42621251941145505,
    0.4629129704322027,
    0.4155516415474743,
    0.5008197775167261,
    0.41390837010010645,
    0.4065079512256361,
    0.4329427131335974,
    0.4226172914870746,
    0.4221861200899729,
    0.40282668010497813,
    0.4427733296612854,
    0.4476840915630764,
    0.41607753469635866,
    0.49258141504938224,
    0.43072617049415757,
    0.41867356441095105,
    0.40470716122536066,
    0.4421791249236944,
    0.5825654466590071,
    0.4357288782199652
  ],
  "train_loss_std": [
    4.738700780453547,
    0.23122041728782897,
    0.12177986743206858,
    0.11629511239130784,
    0.12545263466080905,
    0.12399736375501295,
    0.11016253202590216,
    0.12104436867319102,
    0.11637415349633828,
    0.11822970587022266,
    0.12765525517102108,
    0.12847505618103136,
    0.12296970583505636,
    0.1276491889937074,
    0.12669751133936352,
    0.1277277348045009,
    0.12468670424643355,
    0.12767857738931923,
    0.12475254603680379,
    0.12173057464935633,
    0.12984727850434694,
    0.1345082174113484,
    0.13210440636449344,
    0.1279907606049014,
    0.12129137249746444
  ],
  "val_loss_std": [
    0.7297482388079741,
    0.08201770460992873,
    0.09348349494599467,
    0.10584239995702259,
    0.10190646285685528,
    0.10512147775012184,
    0.09623250553113087,
    0.10143573551320405,
    0.10300151952432667,
    0.10619709894624182,
    0.1085512749982794,
    0.10119846883354726,
    0.10597349725540786,
    0.10066788715059531,
    0.11384292632994028,
    0.10381836882667045,
    0.09800372202332411,
    0.10267992723923013,
    0.07515182746286334,
    0.08893029194537007,
    0.12299249291513692,
    0.10893632745539934,
    0.10887777218957122,
    0.2644478528544918,
    0.09550510509477533
  ]
}