{
  "mse": 0.2967695451062227,
  "rmse": 0.5442308776027849,
  "mae": 0.40681333733369696,
  "r2": 0.4708936562387618,
  "mse_std": 0.02677650400583425,
  "rmse_std": 0.024130830278404066,
  "mae_std": 0.011349804255755132,
  "r2_std": 0.01507398909457119
}