{
  "mse": 0.560679342882667,
  "rmse": 0.7484122854075963,
  "mae": 0.5888386689642058,
  "r2": -0.0011308237041716574,
  "mse_std": 0.03575076045750415,
  "rmse_std": 0.02363036042140587,
  "mae_std": 0.012381534354705794,
  "r2_std": 0.0009778565911594509
}