{
  "mse": 50961.97884169725,
  "rmse": 225.7475998581098,
  "mae": 148.42194991595298,
  "r2": 0.05722043013237432
}