{
  "mse": 213846.70284228356,
  "rmse": 462.43562021354234,
  "mae": 173.3628382880647,
  "r2": 0.019830279114576244
}