{
  "mse": 218174.05442388856,
  "rmse": 467.091055816624,
  "mae": 177.61959756892023,
  "r2": -4.204819661124404e-06
}