{
  "mse": 54604.56799265102,
  "rmse": 233.67620330844778,
  "mae": 156.1274432649818,
  "r2": -0.010166251291598094
}