{
  "train_loss": [
    266911.39539719955,
    225409.97345648386,
    222856.81173047127,
    221045.25070406208,
    219714.56937514228,
    218624.7644430363,
    218496.16768061137,
    217960.92748027892,
    217894.52762278068,
    217741.94840641474,
    217515.29315546033,
    217444.6709803294,
    217499.5068466818,
    217264.00838189604,
    217169.67030668585,
    217213.49761199174,
    216924.25944513665,
    216817.6033753731,
    216720.87839205563,
    216460.7347929657,
    216546.42007530582,
    216482.44832132928,
    216237.84036888898,
    216426.70374763128,
    216232.65707594604
  ],
  "val_loss": [
    226866.5230812623,
    224228.47905942984,
    222360.9223699534,
    220895.72442065692,
    218835.01156228845,
    218916.5061290612,
    218609.35146289962,
    218264.95585072762,
    217703.3307651559,
    217848.24311476,
    217269.83030556966,
    218030.84659168954,
    217312.66639284347,
    216716.98070589965,
    217026.3094016264,
    216955.62838765624,
    217069.6825461266,
    216746.01273491,
    216508.8360268666,
    216360.77815283957,
    216092.8315139627,
    215895.76496011633,
    216692.025409164,
    216730.85364771524,
    216237.06838332638
  ],
  "train_loss_std": [
    35867.62478277053,
    32899.63987402039,
    32652.09415733918,
    32632.01890498457,
    32554.70456208309,
    32439.03814415152,
    32108.85989643906,
    32121.174583413867,
    32104.038023916728,
    31923.52752613416,
    32171.245188494693,
    32030.40590866158,
    32352.00478542007,
    32292.39836063174,
    32059.88900538668,
    32267.08847385324,
    32080.461530162218,
    31972.01175238147,
    32127.609341575364,
    32048.107976200154,
    32004.529611629743,
    32082.418525862966,
    32035.77590015453,
    31976.38848607058,
    32028.856455243687
  ],
  "val_loss_std": [
    127784.5923556085,
    129377.63847885371,
    128559.15411692452,
    129043.97315419988,
    128405.86880291002,
    128360.34496318473,
    127883.00582021168,
    128363.86392958088,
    128236.35790799937,
    129012.05848664673,
    128737.13971233161,
    127190.46546666491,
    128882.0369240719,
    127937.47719038455,
    128334.97442810099,
    128175.69115763939,
    128864.21222271821,
    128333.33382706353,
    127571.12922922615,
    128130.64338239664,
    127981.98388189627,
    128049.1517553963,
    128428.96293505281,
    127436.11037770887,
    127774.88180877882
  ]
}