{
  "train_loss": [
    3.540677104494349,
    0.3695486393409668,
    0.32722119573990055,
    0.32175252951933037,
    0.31612914517730245,
    0.3101413304050563,
    0.3091583595775252,
    0.33301360047822604,
    0.30797728251588125,
    0.3294821330071519,
    0.2973818291153817,
    0.30501703413053655,
    0.3233891090421019,
    0.2952679349902872,
    0.2944708938048228,
    0.289157081524501,
    0.2993978603883122,
    0.2866074353756257,
    0.28965511144171413,
    0.2891736653500917,
    0.2912124433699804,
    0.31480921838199816,
    0.3143260718547427,
    0.30468387146120485,
    0.2743279661985822
  ],
  "val_loss": [
    0.4282949412171866,
    0.348832989326404,
    0.34566906911836703,
    0.3414268219016159,
    0.3333792913352694,
    0.34180747656110344,
    0.40040125641512025,
    0.33072962691960844,
    0.4217405058342389,
    0.3186776199612276,
    0.36625781579035543,
    0.4161959433431249,
    0.31661059425166016,
    0.3494026744676556,
    0.3184357918272376,
    0.37822873006012814,
    0.3292414252121055,
    0.348594595030541,
    0.35798151081172513,
    0.34534294970006074,
    0.49215360706656347,
    0.5134262622987724,
    0.49391543397826465,
    0.31605519448554725,
    0.33176845623318807
  ],
  "train_loss_std": [
    0.18629532295643927,
    0.01725161973353942,
    0.009556755427812789,
    0.015934727391252092,
    0.013617165521772816,
    0.00708440775380456,
    0.009345359017461202,
    0.02772060979086186,
    0.013706050850567626,
    0.02730070351792024,
    0.007986983544768364,
    0.019976137117706256,
    0.055084671068996144,
    0.012778115787567282,
    0.021526509181514095,
    0.009091960822907981,
    0.017702249166333638,
    0.014875710546463227,
    0.015202738071649187,
    0.010603011383140343,
    0.009563635469997224,
    0.041424484732323796,
    0.04218245583077615,
    0.04790600295719057,
    0.008462345553623872
  ],
  "val_loss_std": [
    0.024233931407425278,
    0.03139670015876819,
    0.014307097002782288,
    0.04987590438573331,
    0.04224868326912758,
    0.054338008843293394,
    0.06865194691046574,
    0.03043349975538401,
    0.10775121153489525,
    0.028805538055197342,
    0.059415680993742705,
    0.21018353981885254,
    0.030939270533842447,
    0.0367594636559092,
    0.03355953807581748,
    0.051781085580064404,
    0.031213650621042737,
    0.034350528793356164,
    0.01349446219049484,
    0.026987229457306385,
    0.21808170744718863,
    0.2408384109929368,
    0.3128249918182267,
    0.028888583156850677,
    0.024111662693975303
  ]
}