{
  "train_loss": [
    16.772871923187132,
    0.9504443836677249,
    0.5584918824989366,
    0.40827651407321197,
    0.3488820078788718,
    0.32502689266689255,
    0.3163918535912661,
    0.30964204306057164,
    0.3055377782481199,
    0.3027885309705872,
    0.2993042715986941,
    0.29570997698963775,
    0.29983026285333936,
    0.2920161032518504,
    0.2932683666220958,
    0.2887715571806678,
    0.2898925629524361,
    0.285269453037197,
    0.2857545344714313,
    0.28402055303242585,
    0.28396721995249946,
    0.28370598705747047,
    0.2827302953739915,
    0.2799401431081615,
    0.2741930859482201
  ],
  "val_loss": [
    1.0883614078261403,
    0.6732229893375381,
    0.4674395229797357,
    0.37456896189608535,
    0.3402763144019235,
    0.3313239196353749,
    0.3204984362370447,
    0.3168973262062399,
    0.3134382863683431,
    0.31298943826014175,
    0.30922524734996004,
    0.3141078212825742,
    0.308244619584997,
    0.3074803656412383,
    0.3053373517169255,
    0.30928004133526704,
    0.3045550655178769,
    0.3067930276593902,
    0.3079694173946949,
    0.30190404088342143,
    0.30485478572139246,
    0.3012705772733967,
    0.30341358976937105,
    0.29961901499781074,
    0.30234057158541733
  ],
  "train_loss_std": [
    1.1623657062002757,
    0.0181559670934518,
    0.015686550094252114,
    0.014780447108657098,
    0.013050101565374419,
    0.011414806429565213,
    0.010586724266097266,
    0.009725209957325886,
    0.010236796403295192,
    0.008202829547367022,
    0.008828723674416944,
    0.008815985035138751,
    0.013499438890648894,
    0.009303457258906214,
    0.01065635438501676,
    0.009261026279780671,
    0.009609031900141134,
    0.009681988012767354,
    0.00978599140654029,
    0.009134537601462097,
    0.004692323972595695,
    0.012132685366189265,
    0.011686192352109315,
    0.012384371805076295,
    0.007671602848778435
  ],
  "val_loss_std": [
    0.11279999389432126,
    0.03322504187444703,
    0.013578899859677656,
    0.021812584646703295,
    0.02275888661948248,
    0.022811913863589155,
    0.02578802307304129,
    0.0273894224103983,
    0.029128206548354695,
    0.026080545423087794,
    0.03058302035533239,
    0.025684991855202535,
    0.026366294454859687,
    0.03014307145209377,
    0.02635407125798994,
    0.027098534417295962,
    0.023968701484651165,
    0.02377753541742871,
    0.025794257740981,
    0.02522778885290493,
    0.02645211019550927,
    0.02537637285901233,
    0.0297815188554725,
    0.027515603007561038,
    0.027015092492767973
  ]
}