{
  "train_loss": [
    249167.20829746875,
    223110.63697876816,
    220757.3746293994,
    219147.47105330272,
    218239.99982765078,
    218602.622235439,
    218065.31294631472,
    218012.59110797627,
    217716.36988531306,
    217868.15878841493,
    217839.6277037905,
    217525.90248671017,
    217260.60233856956,
    217106.58287307128,
    216679.18161621716,
    217495.79830360558,
    216947.12874585565,
    216691.1057506854,
    216907.54905041066,
    216470.4428303725,
    216416.85445358328,
    216402.70301441755,
    216632.71779161884,
    216857.27363475517,
    216382.27347585518
  ],
  "val_loss": [
    220617.13055300244,
    217398.1784620098,
    215265.84058879234,
    214128.96222739806,
    214375.80505305817,
    213449.6268417168,
    214267.173560049,
    213195.53336153354,
    213270.70210143717,
    212806.52215978722,
    213792.99914006796,
    212784.04914320132,
    215138.78529202874,
    213368.5731603721,
    215293.54755737522,
    212223.51592789104,
    212042.57407252674,
    212067.6594251337,
    211916.7831247911,
    211842.0921641739,
    213100.33290858957,
    211949.0824438085,
    213075.91371783087,
    211684.97903088792,
    211575.7506580047
  ]
}