{
  "train_loss": [
    259269.71540662457,
    225290.64938293005,
    223319.01727875543,
    222358.3734662913,
    220416.15853885727,
    219223.62494620314,
    219128.375568852,
    218601.7118082122,
    218740.73805809265,
    218356.057497888,
    218247.78188759246,
    218095.03925975517,
    218272.60253881343,
    217820.13567170364,
    217820.16608486357,
    217621.02644215443,
    217739.21938510187,
    217594.1377119995,
    217476.16606892375,
    217465.8888554319,
    217181.89565002552,
    217436.72943764346,
    216923.05500231127,
    216813.85469467292,
    216953.51531716238
  ],
  "val_loss": [
    226478.34366644386,
    220148.76039577762,
    217958.63573000222,
    216356.06630180482,
    215227.60851854947,
    215056.16446635473,
    214000.39941232174,
    213723.72764872995,
    213736.99228498217,
    213557.73451426026,
    213452.97363803475,
    213942.11388006908,
    213412.7995557598,
    213463.2982188614,
    213040.33196161987,
    213185.84550467914,
    212893.87752061052,
    212868.78925050134,
    212782.3109959893,
    212546.35766906195,
    213277.89147448752,
    212343.57986575313,
    212267.27904968805,
    212439.32339711452,
    212421.6828138926
  ]
}